BRGP00020;Neutrik Jack NC3FXX;Jack Mikrofon;Rp63.680,00
BRGP00021;Neutrik Jack NC3MXX;Jack Mikrofon;Rp59.120,00
BRGP00682;Krezt Jack Speakon TSC-033;Jack Instrumen;Rp20.000,00
BRGP00843;Focus Jack Mic Male GCA 700/N3P;Jack Mikrofon;Rp15.000,00
BRGP00899;D Addario S/G Acc. EJ-10 X-Lite;Senar Gitar Akustik;Rp84.360,00
BRGP00903;D Addario S/G Reguler EXL-120;Senar Gitar Elektrik;Rp73.815,00
BRGP00921;Centurion CLED 543X RGBW;Aksesoris;Rp1.026.000,08
BRGP01621;SREXACT Jack RCA SP116G-C81-BK;Jack Instrumen;Rp12.302,50
BRGP01623;SREXACT Jack Male SVP555V-BK-PG;Jack Instrumen;Rp20.914,25
BRGP01809;Srexact Jack Akai Mono SP102X-POG;Jack Instrumen;Rp20.299,13
BRGP01811;Srexact Jack Stereo Mini SP110AM-G-C81-BK;Jack Instrumen;Rp12.271,74
